session_id,participant_id,status,started_datetime,completed_date_time,time_taken,age,num_approvals,num_rejections,prolific_score,reviewed_at_datetime,entered_code,Country of Birth,Current Country of Residence,Employment Status,First Language,Fluent languages,Nationality,Sex,Student Status,Vision
6218ef185c2f1a96ad976cc7,601747ec1a72659858105b2e,AWAITING REVIEW,2022-02-25 15:00:40.487000,2022-02-25 15:27:19.556000,1599.069,31,85,1,100,,4A0A6BF5,Poland,Poland,Full-Time,Polish,"Polish, English",Poland,Male,No,Yes
6218ef2bf2e84f9067068178,5d2759b64e5e3c00164fe922,AWAITING REVIEW,2022-02-25 15:00:59.263000,2022-02-25 15:22:40.089000,1300.826,20,75,0,100,,4A0A6BF5,Hungary,Hungary,Unemployed (and job seeking),Hungarian,"English, Hungarian",Hungary,Male,Yes,Yes
6218ef404326462ce5b0481f,60dc2623fd85cf0a3e3ed8ef,RETURNED,2022-02-25 15:11:20.549000,,245979.698755,21,63,0,100,,,CONSENT REVOKED,CONSENT REVOKED,CONSENT REVOKED,CONSENT REVOKED,CONSENT REVOKED,CONSENT REVOKED,CONSENT REVOKED,CONSENT REVOKED,CONSENT REVOKED
6218ef4dc0cbd5e884ca2758,5ec2c42aa614930c9f1e13fd,TIMED-OUT,2022-02-25 15:01:39.806000,,246560.471413,24,32,1,100,,,Portugal,Portugal,Unemployed (and job seeking),Portuguese,"Galician, English, Portuguese, Spanish",Portugal,Female,Yes,Yes
6218ef61e0694c1785af1448,5ea95d3bf47d1e03505ff592,AWAITING REVIEW,2022-02-25 15:01:53.900000,2022-02-25 15:19:30.646000,1056.746,27,166,0,100,,4A0A6BF5,Canada,Germany,Full-Time,Spanish,"English, French, Spanish",Canada,Female,No,Yes
6218ef65e634752ee550346b,60507819df9bb6d166f461f5,AWAITING REVIEW,2022-02-25 15:02:01.448000,2022-02-25 15:20:00.940000,1079.492,20,63,1,100,,4A0A6BF5,Greece,Greece,Full-Time,Greek,"English, Greek",Albania,Female,Yes,Yes
6218ef66688ef464e1a0a77b,5f787390a932fb40a258f546,AWAITING REVIEW,2022-02-25 15:02:00.662000,2022-02-25 15:20:41.752000,1121.09,22,20,0,100,,4A0A6BF5,Israel,Israel,DATA EXPIRED,Hebrew,"Hebrew, English",Israel,Female,DATA EXPIRED,Yes
6218efa8f8eb6d626eb80e40,5d33c9fbcb8e950001c30a9b,RETURNED,2022-02-25 15:03:07.976000,,246472.412961,27,138,0,100,,,CONSENT REVOKED,CONSENT REVOKED,CONSENT REVOKED,CONSENT REVOKED,CONSENT REVOKED,CONSENT REVOKED,CONSENT REVOKED,CONSENT REVOKED,CONSENT REVOKED
6218efb6c91947b7882f6cc4,5eccd6688c01ab8ac751f614,AWAITING REVIEW,2022-02-25 15:03:18.123000,2022-02-25 15:55:02.992000,3104.869,25,179,0,100,,4A0A6BF5,Italy,Italy,Due to start a new job within the next month,Italian,"Italian, English",Italy,Male,Yes,Yes
6218efbfed2d5064cf404ca8,5f8ebaf8ba522904a8eef16d,RETURNED,2022-02-25 15:03:27.620000,,246452.819902,26,156,0,100,,,CONSENT REVOKED,CONSENT REVOKED,CONSENT REVOKED,CONSENT REVOKED,CONSENT REVOKED,CONSENT REVOKED,CONSENT REVOKED,CONSENT REVOKED,CONSENT REVOKED
6218efc80e870144a3d23b83,602d23b94403b36bb2a55056,AWAITING REVIEW,2022-02-25 15:03:46.493000,2022-02-25 15:20:12.622000,986.129,24,58,0,100,,4A0A6BF5,Portugal,Portugal,Full-Time,Portuguese,"English, Portuguese",Portugal,Male,No,Yes
6218eff798543baac940cf4b,5dd30db5ecd14c32dec5d5d9,AWAITING REVIEW,2022-02-25 15:04:23.390000,2022-02-25 15:23:33.670000,1150.28,23,111,0,100,,4A0A6BF5,Portugal,Portugal,Part-Time,Portuguese,"English, Portuguese",Portugal,Male,Yes,Yes
6218f0000874d85ffa4b0a91,5f04d24b25f8c47a4215f2ff,AWAITING REVIEW,2022-02-25 15:04:31.997000,2022-02-25 15:46:54.684000,2542.687,21,255,0,100,,4A0A6BF5,Canada,Poland,Other,Chinese,"Chinese, English",Canada,Male,Yes,Yes
6218f00412a705752d408b94,6033e99632d842110c07676f,AWAITING REVIEW,2022-02-25 15:04:36.773000,2022-02-25 15:23:52.948000,1156.175,39,167,0,100,,4A0A6BF5,Netherlands,Spain,Full-Time,Dutch,"Dutch, English, Spanish",Netherlands,Female,No,Yes
6218f0055ce13142b690623e,5e8208d95442a6028e919b7f,RETURNED,2022-02-25 15:04:37.082000,,246383.496028,29,104,1,100,,,CONSENT REVOKED,CONSENT REVOKED,CONSENT REVOKED,CONSENT REVOKED,CONSENT REVOKED,CONSENT REVOKED,CONSENT REVOKED,CONSENT REVOKED,CONSENT REVOKED
6218f010bf5da19a6a587035,5e75433cd1aba50b2cb05bc4,AWAITING REVIEW,2022-02-25 15:05:18.303000,2022-02-25 15:33:51.566000,1713.263,28,232,0,100,,4A0A6BF5,Netherlands,Netherlands,DATA EXPIRED,Dutch,"Dutch, English, Portuguese",Netherlands,Male,Yes,Yes
6218f016e2410975371f4c7d,5f7cada3fac3bc114cb6d6b8,AWAITING REVIEW,2022-02-25 15:04:54.117000,2022-02-25 15:26:43.152000,1309.035,50,259,0,100,,4A0A6BF5,Spain,Spain,DATA EXPIRED,Spanish,"Spanish, English",Spain,Male,DATA EXPIRED,Yes
6218f02401fb28ae59eb64cb,60c0d16d73ec63ed0d8ffb2e,AWAITING REVIEW,2022-02-25 15:05:42.476000,2022-02-25 15:29:30.579000,1428.103,24,60,0,100,,4A0A6BF5,Greece,Greece,Full-Time,Greek,"English, Greek",Greece,Male,No,Yes
6218f03f879b4cdb888104f1,5c080166edbfb60001cf2f35,AWAITING REVIEW,2022-02-25 15:05:58.521000,2022-02-25 15:29:53.356000,1434.835,22,48,0,100,,4A0A6BF5,Poland,Poland,Full-Time,Polish,"Polish, English",Poland,Male,No,Yes
6218f040e0563293ef2ff7b8,5ffb5b3dc598145ab98eeea5,AWAITING REVIEW,2022-02-25 15:05:36.740000,2022-02-25 15:24:55.089000,1158.349,21,114,0,100,,4A0A6BF5,Portugal,Portugal,Other,Portuguese,"Portuguese, English",Portugal,Male,Yes,Yes
6218f04718d49d2a9d44746c,5f29b82cee0e83129d1c2748,RETURNED,2022-02-25 15:06:32.571000,,246268.170196,32,44,0,100,,,CONSENT REVOKED,CONSENT REVOKED,CONSENT REVOKED,CONSENT REVOKED,CONSENT REVOKED,CONSENT REVOKED,CONSENT REVOKED,CONSENT REVOKED,CONSENT REVOKED
6218f047d77b1e9bbe84ff5a,5f9765e68112f6137e06db5d,AWAITING REVIEW,2022-02-25 15:05:43.641000,2022-02-25 15:20:35.647000,892.006,21,152,0,100,,4A0A6BF5,Poland,Poland,DATA EXPIRED,Polish,"English, Polish",Poland,Female,DATA EXPIRED,Yes
6218f04a090895c5b3cc1699,60d336105fb5f97d9f907250,RETURNED,2022-02-25 15:08:33.201000,,246147.588358,21,30,0,100,,,CONSENT REVOKED,CONSENT REVOKED,CONSENT REVOKED,CONSENT REVOKED,CONSENT REVOKED,CONSENT REVOKED,CONSENT REVOKED,CONSENT REVOKED,CONSENT REVOKED
6218f05911e986e9f7017554,5f4cf80c0bce10081b6460e2,AWAITING REVIEW,2022-02-25 15:06:01.492000,2022-02-25 15:21:42.191000,940.699,24,135,0,100,,4A0A6BF5,Italy,Italy,Unemployed (and job seeking),Italian,"Italian, English",Italy,Male,Yes,Yes
6218f05f5da2cbc45eb0de4f,5f986033196f2d10b8365314,RETURNED,2022-02-25 15:06:21.718000,,246279.114902,22,48,1,100,,,CONSENT REVOKED,CONSENT REVOKED,CONSENT REVOKED,CONSENT REVOKED,CONSENT REVOKED,CONSENT REVOKED,CONSENT REVOKED,CONSENT REVOKED,CONSENT REVOKED
6218f0645ce13142b6906246,60f20328d17a86adb4319f44,AWAITING REVIEW,2022-02-25 15:06:12.704000,2022-02-25 15:39:56.614000,2023.91,26,32,1,100,,4A0A6BF5,South Africa,South Africa,Unemployed (and job seeking),DATA EXPIRED,"English, Afrikaans",South Africa,Male,Yes,Yes
6218f06ca851f3a1dc208447,5f7b241d63e1da06afec1b30,AWAITING REVIEW,2022-02-25 15:06:20.132000,2022-02-25 15:19:39.927000,799.795,22,57,0,100,,4A0A6BF5,Portugal,Spain,Unemployed (and job seeking),Portuguese,"English, Portuguese",Portugal,Male,Yes,Yes
6218f071a4370a292366633e,5edda704856ca9ad1f94b16b,AWAITING REVIEW,2022-02-25 15:06:25.277000,2022-02-25 15:39:20.898000,1975.621,20,216,1,100,,4A0A6BF5,South Africa,South Africa,Other,Afrikaans,"Afrikaans, English",South Africa,Female,Yes,Yes
6218f07565198fee36ff833f,5da8912f5a994b001650f01f,AWAITING REVIEW,2022-02-25 15:14:56.626000,2022-02-25 15:33:40.671000,1124.045,40,258,1,100,,4A0A6BF5,Portugal,Portugal,DATA EXPIRED,Portuguese,"Portuguese, English, French, Spanish",Portugal,Male,DATA EXPIRED,Yes
6218f076021093b191b97869,5ef9f6fecb96bd7c205e2d70,AWAITING REVIEW,2022-02-25 15:06:30.837000,2022-02-25 15:28:44.714000,1333.877,20,165,1,100,,4A0A6BF5,Portugal,Portugal,Other,Portuguese,"Portuguese, English",Portugal,Male,Yes,Yes
6218f077ba5e60846e828768,6035180efe035f076f43b1d4,AWAITING REVIEW,2022-02-25 15:06:31.325000,2022-02-25 15:28:36.191000,1324.866,34,182,1,100,,4A0A6BF5,Netherlands,Netherlands,DATA EXPIRED,Dutch,"English, Dutch, German",Netherlands,Male,DATA EXPIRED,Yes
6218f07e5538ac1f09404a99,60ece1f744359d215975d493,RETURNED,2022-02-25 15:13:15.936000,,245865.056656,26,102,0,100,,,CONSENT REVOKED,CONSENT REVOKED,CONSENT REVOKED,CONSENT REVOKED,CONSENT REVOKED,CONSENT REVOKED,CONSENT REVOKED,CONSENT REVOKED,CONSENT REVOKED
6218f0861b7207109373b3bb,604617f91bb8ad0468147f9f,AWAITING REVIEW,2022-02-25 15:11:59.587000,2022-02-25 15:40:23.381000,1703.794,29,133,1,100,,4A0A6BF5,Portugal,Portugal,Full-Time,Portuguese,"English, Portuguese, Spanish",Portugal,Male,No,Yes
6218f089249fe28959dcc3f6,5df15d59814bba0712fc184c,AWAITING REVIEW,2022-02-25 15:06:49.073000,2022-02-25 15:45:01.906000,2292.833,40,151,1,100,,4A0A6BF5,Bangladesh,Netherlands,DATA EXPIRED,Bengali,English,Bangladesh,Male,DATA EXPIRED,Yes
6218f089249fe28959dcc3f7,60e703e4908998ebc5679e8a,RETURNED,2022-02-25 15:17:00.057000,,245641.004319,22,49,0,100,,,CONSENT REVOKED,CONSENT REVOKED,CONSENT REVOKED,CONSENT REVOKED,CONSENT REVOKED,CONSENT REVOKED,CONSENT REVOKED,CONSENT REVOKED,CONSENT REVOKED
6218f08e61daf25498f99c5e,5fc76061b0715f000be304d7,RETURNED,2022-02-25 15:07:11.205000,,246229.88526,31,70,1,100,,,CONSENT REVOKED,CONSENT REVOKED,CONSENT REVOKED,CONSENT REVOKED,CONSENT REVOKED,CONSENT REVOKED,CONSENT REVOKED,CONSENT REVOKED,CONSENT REVOKED
6218f08eb4bcf0857127b5a6,5f38892ba445a53b3bca65ad,AWAITING REVIEW,2022-02-25 15:06:54.976000,2022-02-25 15:26:10.493000,1155.517,23,146,0,100,,4A0A6BF5,Portugal,Portugal,Unemployed (and job seeking),Portuguese,"Portuguese, English",Portugal,Male,No,Yes
6218f0945f661ebc50974b74,5f2ef7e2704e4d10b4daec33,AWAITING REVIEW,2022-02-25 15:07:30.693000,2022-02-25 15:42:16.247000,2085.554,24,64,1,100,,4A0A6BF5,Mexico,Mexico,Full-Time,Spanish,"English, Spanish",Mexico,Male,No,Yes
6218f0972457b10865ea032d,5f0c5f58f08fe65bd313f561,AWAITING REVIEW,2022-02-25 15:07:03.638000,2022-02-25 15:26:35.909000,1172.271,24,64,0,100,,4A0A6BF5,Poland,Poland,Unemployed (and job seeking),DATA EXPIRED,"English, Polish",Poland,Male,DATA EXPIRED,Yes
6218f0981b7207109373b3bc,5caf52b18b46a700131eec10,AWAITING REVIEW,2022-02-25 15:15:35.566000,2022-02-25 15:35:38.395000,1202.829,56,520,3,100,,4A0A6BF5,United Kingdom,Greece,Full-Time,DATA EXPIRED,"English, Greek",United Kingdom,Female,No,Yes
6218f0aac3e774e03b58bc77,606593df51c4839f3bf4cf68,AWAITING REVIEW,2022-02-25 15:07:22.598000,2022-02-25 15:22:53.026000,930.428,22,88,1,100,,4A0A6BF5,Spain,Spain,Other,Spanish,"Catalan, Spanish, English",Spain,Male,Yes,Yes
6218f0aed8f34f6501c36373,5f05ec09859dcb0db95b47a3,AWAITING REVIEW,2022-02-25 15:07:26.886000,2022-02-25 15:27:15.196000,1188.31,56,171,1,100,,4A0A6BF5,Greece,Greece,DATA EXPIRED,Greek,"Greek, English",Greece,Female,DATA EXPIRED,Yes
6218f0afa1f0e46b2b112e1a,602ad4a0805527185ca10247,AWAITING REVIEW,2022-02-25 15:07:33.870000,2022-02-25 15:26:26.268000,1132.398,24,129,1,100,,4A0A6BF5,Poland,Poland,Full-Time,Polish,"English, Polish",Poland,Male,No,Yes
6218f0b8ba5e60846e828770,60e5ccdf4263ab147e71b284,AWAITING REVIEW,2022-02-25 15:07:36.605000,2022-02-25 15:28:20.304000,1243.699,38,73,0,100,,4A0A6BF5,Portugal,Portugal,DATA EXPIRED,Portuguese,"English, Portuguese",Portugal,Male,DATA EXPIRED,Yes
6218f0baf8eb6d626eb80e55,5cade3ea22389a00178ea182,AWAITING REVIEW,2022-02-25 15:10:04.674000,2022-02-25 15:38:34.439000,1709.765,19,60,1,100,,4A0A6BF5,Poland,Poland,Part-Time,Polish,"English, Polish",Poland,Male,Yes,Yes
6218f0c0fdf2c646f02adf03,5f3cc81cd1a0bdb6f4ae8327,AWAITING REVIEW,2022-02-25 15:07:44.269000,2022-02-25 16:00:25.116000,3160.847,20,97,0,100,,4A0A6BF5,Poland,Poland,Other,Polish,"English, Polish",Poland,Male,No,Yes
6218f0c165198fee36ff8348,5f333f95340ff51404867ce9,AWAITING REVIEW,2022-02-25 15:08:58.330000,2022-02-25 15:36:10.890000,1632.56,21,40,1,100,,4A0A6BF5,Mexico,Mexico,Other,Spanish,"English, Spanish",Mexico,Female,Yes,Yes
6218f0c55538ac1f09404aa6,5ea152aca876c6000aa73a2a,AWAITING REVIEW,2022-02-25 15:07:49.260000,2022-02-25 15:38:23.765000,1834.505,25,256,1,100,,4A0A6BF5,Poland,Poland,Unemployed (and job seeking),Polish,"English, German, Polish",Poland,Female,Yes,Yes
6218f0d5428c5181d244204a,6048a84ab04517514f665206,AWAITING REVIEW,2022-02-25 15:08:05.773000,2022-02-25 15:23:06.439000,900.666,20,100,0,100,,4A0A6BF5,Greece,Greece,Part-Time,Greek,"English, Greek",Greece,Female,Yes,Yes
6218f0dcbf5da19a6a587041,5e6790c8b0255a029b78b3ee,AWAITING REVIEW,2022-02-25 15:08:12.386000,2022-02-25 15:24:17.906000,965.52,23,85,0,100,,4A0A6BF5,Poland,Poland,Full-Time,Polish,"English, Polish",Poland,Female,Yes,Yes
6218f0e6e265419eadda82aa,5cb5d90dc591ee0014b81cec,RETURNED,2022-02-25 15:08:22.063000,,246159.383608,21,67,0,100,,,CONSENT REVOKED,CONSENT REVOKED,CONSENT REVOKED,CONSENT REVOKED,CONSENT REVOKED,CONSENT REVOKED,CONSENT REVOKED,CONSENT REVOKED,CONSENT REVOKED
6218f0e9d91c14fb3af54612,602d86345f6c24812bfc3a4e,AWAITING REVIEW,2022-02-25 15:08:45.573000,2022-02-25 15:33:06.134000,1460.561,23,59,0,100,,4A0A6BF5,Mexico,Mexico,Full-Time,Spanish,"English, Spanish",Mexico,Male,No,Yes
6218f0f309e9f79dcf47aea9,5eacb952f2859100093a61df,AWAITING REVIEW,2022-02-25 15:08:35.045000,2022-02-25 15:37:51.511000,1756.466,23,174,1,100,,4A0A6BF5,Portugal,Portugal,"Not in paid work (e.g. homemaker', 'retired or disabled)",Portuguese,"English, Portuguese",Portugal,Male,No,Yes
6218f0f4a44553e8d6ee47c2,5ea899faa346d22f03047db3,AWAITING REVIEW,2022-02-25 15:08:36.800000,2022-02-25 15:23:03.494000,866.694,24,181,2,100,,4A0A6BF5,Russian Federation,Italy,Unemployed (and job seeking),Italian,"Italian, English, French",Russian Federation,Male,No,Yes
6218f0f7956d25e22a3d8079,60dd92b16401f2de6f7c6d0a,RETURNED,2022-02-25 15:08:39.070000,,246142.489211,23,21,0,100,,,CONSENT REVOKED,CONSENT REVOKED,CONSENT REVOKED,CONSENT REVOKED,CONSENT REVOKED,CONSENT REVOKED,CONSENT REVOKED,CONSENT REVOKED,CONSENT REVOKED
6218f0f819b9ceef93f79193,602445b2bde34010a48b49a8,AWAITING REVIEW,2022-02-25 15:08:40.071000,2022-02-25 15:30:07.192000,1287.121,23,97,1,100,,4A0A6BF5,Portugal,Portugal,Other,Portuguese,"English, Portuguese, Spanish, Galician",Portugal,Female,Yes,Yes
6218f0f82a4bb3cb25281d71,60bfbf3ea56be92d181d6bbb,AWAITING REVIEW,2022-02-25 15:08:40.438000,2022-02-25 15:31:31.435000,1370.997,20,90,1,100,,4A0A6BF5,Portugal,Portugal,Part-Time,Portuguese,"English, Portuguese",Portugal,Female,Yes,Yes
6218f0faedd8124e7182f8c6,5ec07ffef7362b0f1a6357aa,AWAITING REVIEW,2022-02-25 15:08:42.413000,2022-02-25 15:30:17.102000,1294.689,35,187,1,100,,4A0A6BF5,Spain,Spain,Full-Time,Spanish,"English, Catalan, Spanish",Spain,Male,Yes,Yes
6218f10151af6edb77eb865a,60e7218db2691424068d718c,RETURNED,2022-02-25 15:08:49.046000,,246132.602524,29,96,0,100,,,CONSENT REVOKED,CONSENT REVOKED,CONSENT REVOKED,CONSENT REVOKED,CONSENT REVOKED,CONSENT REVOKED,CONSENT REVOKED,CONSENT REVOKED,CONSENT REVOKED
6218f105239770493e3f3ec0,5efb2d098c96a40459575a3f,RETURNED,2022-02-25 15:08:53.449000,,246128.226787,20,220,0,100,,,CONSENT REVOKED,CONSENT REVOKED,CONSENT REVOKED,CONSENT REVOKED,CONSENT REVOKED,CONSENT REVOKED,CONSENT REVOKED,CONSENT REVOKED,CONSENT REVOKED
6218f108b92b0d458c2cd5e3,5f6771df8c217137e3d1eae0,TIMED-OUT,2022-02-25 15:08:56.215000,,246125.479436,24,43,0,100,,,Greece,Greece,DATA EXPIRED,Greek,"English, Greek",Greece,Male,DATA EXPIRED,Yes
6218f109dda3d39f276cd0f6,602fd1404ad77ad51739ffc6,AWAITING REVIEW,2022-02-25 15:16:11.992000,2022-02-25 15:39:31.975000,1399.983,20,93,0,100,,4A0A6BF5,Poland,Poland,Unemployed (and job seeking),Polish,"English, Polish",Poland,Male,Yes,Yes
6218f1149af564010791e68a,5ff9f54ed071dd35faf63f49,AWAITING REVIEW,2022-02-25 15:09:49.781000,2022-02-25 15:30:19.410000,1229.629,19,81,1,100,,4A0A6BF5,Italy,Italy,Part-Time,Italian,"Italian, English",Italy,Male,Yes,Yes
6218f11c249fe28959dcc3ff,5f40c462ff2ee620d5bc5acd,AWAITING REVIEW,2022-02-25 15:09:39.753000,2022-02-25 15:34:51.007000,1511.254,29,110,1,100,,4A0A6BF5,Mexico,Mexico,Full-Time,Spanish,"English, Spanish",Mexico,Male,No,Yes
6218f11c452559e96e0ff3be,5e98b398e4a84f0eb3755e51,RETURNED,2022-02-25 15:09:16.406000,,246105.385002,26,238,0,100,,,CONSENT REVOKED,CONSENT REVOKED,CONSENT REVOKED,CONSENT REVOKED,CONSENT REVOKED,CONSENT REVOKED,CONSENT REVOKED,CONSENT REVOKED,CONSENT REVOKED
6218f1212b40ed1f55bb96b1,5ed02ffb8090240f93ab74ad,AWAITING REVIEW,2022-02-25 15:09:21.616000,2022-02-25 15:28:04.768000,1123.152,22,220,1,100,,4A0A6BF5,Spain,Spain,Other,Spanish,"English, Spanish",Spain,Female,Yes,Yes
6218f12218000ae11503122b,5bea9d9805619d0001072057,AWAITING REVIEW,2022-02-25 15:09:22.154000,2022-02-25 16:02:41.105000,3198.951,44,641,1,100,,4A0A6BF5,Netherlands,Netherlands,DATA EXPIRED,Dutch,"Dutch, English",Netherlands,Male,DATA EXPIRED,Yes
6218f12d37809a74c4b74662,5f5a6f4dc6a95e1365660a40,AWAITING REVIEW,2022-02-25 15:09:33.185000,2022-02-25 15:47:20.186000,2267.001,21,65,0,100,,4A0A6BF5,United Kingdom,Poland,Due to start a new job within the next month,Polish,"English, Polish",United Kingdom,Male,No,Yes
6218f131a0744a84a1f84baa,5f268fa8c6f13f3d7f6b689a,RETURNED,2022-02-25 15:09:37.399000,2022-02-25 15:40:10.130000,1832.731,34,152,0,100,,4A0A6BF5,CONSENT REVOKED,CONSENT REVOKED,CONSENT REVOKED,CONSENT REVOKED,CONSENT REVOKED,CONSENT REVOKED,CONSENT REVOKED,CONSENT REVOKED,CONSENT REVOKED
6218f131abf0b411aa19853e,60f9dd5faf4ea95d78c24127,AWAITING REVIEW,2022-02-25 15:09:43.430000,2022-02-25 15:24:55.458000,912.028,24,30,0,100,,4A0A6BF5,Spain,Spain,Unemployed (and job seeking),Spanish,"Spanish, English",Spain,Male,No,Yes
6218f13239bb9077d8d7482c,5c6eb542045a21000126ab53,AWAITING REVIEW,2022-02-25 15:09:44.892000,2022-02-25 15:34:08.737000,1463.845,43,294,2,100,,4A0A6BF5,France,Spain,"Not in paid work (e.g. homemaker', 'retired or disabled)",Dutch,"English, Dutch, German",Netherlands,Female,No,Yes
6218f133427db2847f86c55b,60185c812e31c90cbd82f28c,RETURNED,2022-02-25 15:09:39.202000,,246082.762211,21,117,0,100,,,CONSENT REVOKED,CONSENT REVOKED,CONSENT REVOKED,CONSENT REVOKED,CONSENT REVOKED,CONSENT REVOKED,CONSENT REVOKED,CONSENT REVOKED,CONSENT REVOKED
6218f1374df379801c65ed26,5f4d50ea11a0409f3b8db045,AWAITING REVIEW,2022-02-25 15:12:07.808000,2022-02-25 15:58:58.833000,2811.025,21,52,0,100,,4A0A6BF5,Mexico,Mexico,Part-Time,Spanish,"English, Spanish",Mexico,Female,Yes,Yes
6218f1408b2c2bcac171bf74,5ea9ee97ae93691692c125c6,AWAITING REVIEW,2022-02-25 15:09:52.216000,2022-02-25 15:29:37.150000,1184.934,36,161,2,100,,4A0A6BF5,Portugal,Portugal,Full-Time,Portuguese,"Portuguese, English",Portugal,Male,No,Yes
6218f141b2c5e337e4228bb5,60c495fc70e8863a8a8bfa7a,AWAITING REVIEW,2022-02-25 15:09:53.851000,2022-02-25 15:50:18.304000,2424.453,23,105,1,100,,4A0A6BF5,South Africa,South Africa,Unemployed (and job seeking),English,English,South Africa,Female,No,Yes
6218f1452145659b798fff8b,5f21977dc0f15e0b2fc712a0,AWAITING REVIEW,2022-02-25 15:10:00.719000,2022-02-25 15:34:14.508000,1453.789,27,34,1,100,,4A0A6BF5,Dominican Republic,Portugal,Full-Time,Spanish,"Spanish, English, Portuguese",Portugal,Male,Yes,Yes
6218f145b2b17bb687a73514,5eb6f85c1c54b4067b4ba65d,AWAITING REVIEW,2022-02-25 15:09:59.978000,2022-02-25 16:07:15.021000,3435.043,21,217,1,100,,4A0A6BF5,Poland,Poland,Full-Time,Polish,"English, Polish",Poland,Female,Yes,Yes
6218f15018ab8e97b401b5a3,5f20619d94d0f833b5a7cc1d,RETURNED,2022-02-25 15:10:08.022000,,246054.093226,23,185,0,100,,,CONSENT REVOKED,CONSENT REVOKED,CONSENT REVOKED,CONSENT REVOKED,CONSENT REVOKED,CONSENT REVOKED,CONSENT REVOKED,CONSENT REVOKED,CONSENT REVOKED
6218f157bc65905b609dd4d1,60ed4ea05cc86311a2b5eb19,AWAITING REVIEW,2022-02-25 15:10:50.806000,2022-02-25 15:35:32.294000,1481.488,25,36,0,100,,4A0A6BF5,South Africa,South Africa,Part-Time,DATA EXPIRED,English,South Africa,Female,No,Yes
6218f15af932387d18b71bf1,5d2716fd9bf87a000194f8a1,AWAITING REVIEW,2022-02-25 15:10:18.393000,2022-02-25 15:25:10.622000,892.229,30,108,1,100,,4A0A6BF5,Iceland,Iceland,DATA EXPIRED,Icelandic,"Danish, English, Icelandic",Iceland,Female,DATA EXPIRED,Yes
6218f15b64f732cb4ac366f7,60f6eb7d1c74e967f259945c,AWAITING REVIEW,2022-02-25 15:10:19.588000,2022-02-25 15:42:22.633000,1923.045,19,50,0,100,,4A0A6BF5,South Africa,South Africa,"Not in paid work (e.g. homemaker', 'retired or disabled)",DATA EXPIRED,English,South Africa,Female,Yes,Yes
6218f161e7fa4ea313b0c028,5f209bb12cf3543aed1fee25,AWAITING REVIEW,2022-02-25 15:11:17.385000,2022-02-25 15:30:31.006000,1153.621,26,217,2,100,,4A0A6BF5,Portugal,Portugal,Full-Time,Portuguese,"English, Portuguese",Portugal,Female,No,Yes
6218f1636819a25ccf9d868d,60c7928e14e0a43a43369a5b,AWAITING REVIEW,2022-02-25 15:10:32.696000,2022-02-25 16:05:21.113000,3288.417,24,111,0,100,,4A0A6BF5,South Africa,South Africa,Unemployed (and job seeking),English,"English, Afrikaans",South Africa,Female,Yes,Yes
6218f1637f4cb51ffc441ad8,5faaa4c2c88ddf433bc961e9,RETURNED,2022-02-25 15:11:22.763000,,245979.492736,21,33,0,100,,,CONSENT REVOKED,CONSENT REVOKED,CONSENT REVOKED,CONSENT REVOKED,CONSENT REVOKED,CONSENT REVOKED,CONSENT REVOKED,CONSENT REVOKED,CONSENT REVOKED
6218f1643e5793f1a7f19fb9,601aa0b567409b2966e096f7,RETURNED,2022-02-25 15:10:28.388000,,246033.889074,32,67,0,100,,,CONSENT REVOKED,CONSENT REVOKED,CONSENT REVOKED,CONSENT REVOKED,CONSENT REVOKED,CONSENT REVOKED,CONSENT REVOKED,CONSENT REVOKED,CONSENT REVOKED
6218f16d9b98f507b4dd267c,60196480480c1403e32285a8,AWAITING REVIEW,2022-02-25 15:10:37.447000,2022-02-25 15:25:43.049000,905.602,25,150,0,100,,4A0A6BF5,Latvia,Latvia,Full-Time,Latvian,"English, Latvian, Russian",Latvia,Female,No,Yes
6218f1708959ba7c40f994d1,5f0a14d0c729c62cd9b16427,AWAITING REVIEW,2022-02-25 15:11:03.827000,2022-02-25 15:33:11.784000,1327.957,26,228,1,100,,4A0A6BF5,Italy,Italy,Part-Time,Italian,"English, Italian",Italy,Female,Yes,Yes
6218f170c905d6a24d40e9a3,603e66c867d4bcef6f7af649,AWAITING REVIEW,2022-02-25 15:10:40.527000,2022-02-25 15:23:52.309000,791.782,22,99,0,100,,4A0A6BF5,Portugal,Portugal,DATA EXPIRED,Portuguese,"English, Portuguese",Portugal,Female,DATA EXPIRED,Yes
6218f1796f978fdb369eec01,5f2bbc99f2204266b3e01ade,AWAITING REVIEW,2022-02-25 15:10:49.800000,2022-02-25 15:24:45.151000,835.351,32,95,1,100,,4A0A6BF5,Italy,Italy,Full-Time,Italian,"English, French, Italian",Italy,Female,No,Yes
6218f17aa1cef7c5b2f865ed,5f99cee5a2a7d109a1624e10,AWAITING REVIEW,2022-02-25 15:10:50.479000,2022-02-25 15:32:55.341000,1324.862,20,170,0,100,,4A0A6BF5,Portugal,Portugal,Other,Portuguese,"English, Portuguese",Portugal,Female,Yes,Yes
6218f17bc44539e02392d840,60251eb5b16e2f299161babd,AWAITING REVIEW,2022-02-25 15:10:57.251000,2022-02-25 15:40:11.813000,1754.562,26,116,0,100,,4A0A6BF5,Portugal,Portugal,Unemployed (and job seeking),Portuguese,"English, French, Portuguese",Portugal,Female,Yes,Yes
6218f185b92b0d458c2cd5ee,5ecd4ad53f44fd094d7865d4,AWAITING REVIEW,2022-02-25 15:11:01.455000,2022-02-25 15:40:12.881000,1751.426,25,224,1,100,,4A0A6BF5,China,Spain,Unemployed (and job seeking),Spanish,"English, Spanish",Spain,Female,Yes,Yes
6218f18aed8478c8b8891bce,5f252c88841883190fb126e4,AWAITING REVIEW,2022-02-25 15:11:36.744000,2022-02-25 15:31:21.605000,1184.861,32,134,1,100,,4A0A6BF5,Spain,Spain,DATA EXPIRED,Spanish,"English, Spanish",Spain,Female,Yes,Yes
6218f18c8ae483e92114bafb,607d730ea4fd7a087dc5b90d,RETURNED,2022-02-25 15:11:15.569000,,245986.91527,49,75,0,100,,,CONSENT REVOKED,CONSENT REVOKED,CONSENT REVOKED,CONSENT REVOKED,CONSENT REVOKED,CONSENT REVOKED,CONSENT REVOKED,CONSENT REVOKED,CONSENT REVOKED
6218f18f3415b50abf14c21f,5c032a4429abc00001990d7f,AWAITING REVIEW,2022-02-25 15:11:11.529000,2022-02-25 15:30:57.997000,1186.468,31,601,2,100,,4A0A6BF5,France,France,Full-Time,French,"French, English",France,Female,No,Yes
6218f18f671a9f7abd07dcbd,603910c1a3d28f3895d40e92,AWAITING REVIEW,2022-02-25 15:11:11.140000,2022-02-25 15:26:55.890000,944.75,22,98,1,100,,4A0A6BF5,Portugal,Portugal,Other,Portuguese,"English, Portuguese, French",Portugal,Female,Yes,Yes
6218f1a2be192246d6833a09,6050cb50a965d6a6eb12361e,RETURNED,2022-02-25 15:11:38.422000,,245964.139045,61,146,0,100,,,CONSENT REVOKED,CONSENT REVOKED,CONSENT REVOKED,CONSENT REVOKED,CONSENT REVOKED,CONSENT REVOKED,CONSENT REVOKED,CONSENT REVOKED,CONSENT REVOKED
6218f1e94a6c621abed79589,5fd8a13aaf5bd723a0e0e3fa,AWAITING REVIEW,2022-02-25 15:12:43.894000,2022-02-25 15:27:06.403000,862.509,29,147,0,100,,4A0A6BF5,Portugal,Portugal,Other,Portuguese,"English, Portuguese",Portugal,Male,Yes,Yes
6218f205d91c14fb3af54620,5c5e04ca6539fe00016e1afa,AWAITING REVIEW,2022-02-25 15:13:12.639000,2022-02-25 15:35:17.561000,1324.922,24,267,2,100,,4A0A6BF5,Italy,Italy,Unemployed (and job seeking),Italian,"Italian, English",Italy,Female,Yes,Yes
6218f249706268e51623bc12,60568f84b5fcdb02258579d8,AWAITING REVIEW,2022-02-25 15:14:20.305000,2022-02-25 16:11:12.027000,3411.722,23,67,1,100,,4A0A6BF5,Portugal,Portugal,Other,Portuguese,"English, Portuguese",Portugal,Female,Yes,Yes
6218f288bc65905b609dd4ec,60c13d90b3d340a7c752fbdb,AWAITING REVIEW,2022-02-25 15:19:57.478000,2022-02-25 15:47:59.186000,1681.708,22,60,0,100,,NOCODE,Slovenia,Slovenia,Part-Time,Slovenian,"Slovenian, Croatian, English",Slovenia,Male,Yes,Yes
6218f28a8b2c2bcac171bf8c,5d60061e45714d00019ad6a4,RETURNED,2022-02-25 15:16:45.480000,,245657.192398,34,454,2,100,,,CONSENT REVOKED,CONSENT REVOKED,CONSENT REVOKED,CONSENT REVOKED,CONSENT REVOKED,CONSENT REVOKED,CONSENT REVOKED,CONSENT REVOKED,CONSENT REVOKED
6218f2fe452559e96e0ff3dd,5db87cc6dcd86e000cf81bdd,AWAITING REVIEW,2022-02-25 15:17:18.317000,2022-02-25 15:44:41.367000,1643.05,23,198,0,100,,4A0A6BF5,Portugal,Portugal,DATA EXPIRED,Portuguese,"Portuguese, English",Portugal,Female,DATA EXPIRED,Yes
6218f2fe4eec7fb1a03f4c7a,60e62b46c44c0f0ec7fa8134,AWAITING REVIEW,2022-02-25 15:17:34.711000,2022-02-25 16:42:16.617000,5081.906,32,87,0,100,,4A0A6BF5,South Africa,South Africa,Full-Time,DATA EXPIRED,English,South Africa,Female,No,Yes
6218f30bbf0f23b6a4b53a7d,5e94b58fc7296a0a611f0492,RETURNED,2022-02-25 15:17:31.567000,,245611.174228,20,202,1,100,,,CONSENT REVOKED,CONSENT REVOKED,CONSENT REVOKED,CONSENT REVOKED,CONSENT REVOKED,CONSENT REVOKED,CONSENT REVOKED,CONSENT REVOKED,CONSENT REVOKED
6218f3194fe6934c6ea3c76a,5d36e5a972282e0019605fa0,RETURNED,2022-02-25 15:17:45.671000,,245597.0936,29,580,4,100,,,CONSENT REVOKED,CONSENT REVOKED,CONSENT REVOKED,CONSENT REVOKED,CONSENT REVOKED,CONSENT REVOKED,CONSENT REVOKED,CONSENT REVOKED,CONSENT REVOKED
6218f34801835b3b897f048e,5f8893a5e2f88a04b1833278,RETURNED,2022-02-25 15:19:29.841000,,245492.946897,24,132,0,100,,,CONSENT REVOKED,CONSENT REVOKED,CONSENT REVOKED,CONSENT REVOKED,CONSENT REVOKED,CONSENT REVOKED,CONSENT REVOKED,CONSENT REVOKED,CONSENT REVOKED
6218f3c044c15eb559d399b2,601455dcaa0225431b286303,RETURNED,2022-02-25 15:20:32.968000,,245429.843438,23,136,0,100,,,CONSENT REVOKED,CONSENT REVOKED,CONSENT REVOKED,CONSENT REVOKED,CONSENT REVOKED,CONSENT REVOKED,CONSENT REVOKED,CONSENT REVOKED,CONSENT REVOKED
6218f40a4c8528c80b4666ed,6077f94580fa08d651125542,AWAITING REVIEW,2022-02-25 15:21:50.031000,2022-02-25 15:53:14.880000,1884.849,21,54,1,100,,4A0A6BF5,Switzerland,Netherlands,Full-Time,English,"English, French",Switzerland,Female,Yes,Yes
6218f435959318a7a893363a,606b0d260c8c0c5fd7c854c8,RETURNED,2022-02-25 15:22:45.779000,,245297.073584,39,160,0,100,,,CONSENT REVOKED,CONSENT REVOKED,CONSENT REVOKED,CONSENT REVOKED,CONSENT REVOKED,CONSENT REVOKED,CONSENT REVOKED,CONSENT REVOKED,CONSENT REVOKED
6218f4b1e751da1544528b0c,5fa1ea11652896260155e410,RETURNED,2022-02-25 15:24:33.128000,,245189.747206,20,39,0,100,,,CONSENT REVOKED,CONSENT REVOKED,CONSENT REVOKED,CONSENT REVOKED,CONSENT REVOKED,CONSENT REVOKED,CONSENT REVOKED,CONSENT REVOKED,CONSENT REVOKED
6218f4cb2b40ed1f55bb96d0,5f751b67f9a33b18498b9429,RETURNED,2022-02-25 15:24:59.403000,,245163.496764,22,181,0,100,,,CONSENT REVOKED,CONSENT REVOKED,CONSENT REVOKED,CONSENT REVOKED,CONSENT REVOKED,CONSENT REVOKED,CONSENT REVOKED,CONSENT REVOKED,CONSENT REVOKED
6218f541c3cee94dd2b6f576,60f856b9f5b36eb3bf795366,RETURNED,2022-02-25 15:27:04.377000,,245038.545227,29,56,0,100,,,CONSENT REVOKED,CONSENT REVOKED,CONSENT REVOKED,CONSENT REVOKED,CONSENT REVOKED,CONSENT REVOKED,CONSENT REVOKED,CONSENT REVOKED,CONSENT REVOKED
6218f5a23ed99ac5ae19b0b2,608e8a031d384b3e3d53b32d,AWAITING REVIEW,2022-02-25 15:28:36.431000,2022-02-25 15:32:13.389000,216.958,33,67,0,100,,NOCODE,Portugal,Netherlands,Part-Time,Portuguese,"Portuguese, English, Spanish",Portugal,Female,No,Yes
6218f5a28dc0c15b85f305db,5eb301466978290d5f284326,RETURNED,2022-02-25 15:28:51.701000,,244931.271425,21,170,1,100,,,CONSENT REVOKED,CONSENT REVOKED,CONSENT REVOKED,CONSENT REVOKED,CONSENT REVOKED,CONSENT REVOKED,CONSENT REVOKED,CONSENT REVOKED,CONSENT REVOKED
6218f6922ca39fa0f6105f65,60a00668a9ab01c8d9722444,AWAITING REVIEW,2022-02-25 15:32:57.554000,2022-02-25 15:57:03.772000,1446.218,21,83,0,100,,4A0A6BF5,Mexico,Mexico,Unemployed (and job seeking),Spanish,"English, Italian, Spanish",Mexico,Male,Yes,Yes
6218f73aa4df21bbe0448a03,5f4f9deca0830d07329e0efa,RETURNED,2022-02-25 15:35:22.359000,,244540.667412,31,223,0,100,,,CONSENT REVOKED,CONSENT REVOKED,CONSENT REVOKED,CONSENT REVOKED,CONSENT REVOKED,CONSENT REVOKED,CONSENT REVOKED,CONSENT REVOKED,CONSENT REVOKED
6218f7b77021ec90eb39b956,5d973af75f3d9a00147aa26d,RETURNED,2022-02-25 15:37:30.366000,,244412.680759,33,35,0,100,,,CONSENT REVOKED,CONSENT REVOKED,CONSENT REVOKED,CONSENT REVOKED,CONSENT REVOKED,CONSENT REVOKED,CONSENT REVOKED,CONSENT REVOKED,CONSENT REVOKED
6218f7d3f55af59e56706a03,60f99a6cf123f6e784592e95,RETURNED,2022-02-25 15:39:27.983000,,244295.083135,26,100,0,100,,,CONSENT REVOKED,CONSENT REVOKED,CONSENT REVOKED,CONSENT REVOKED,CONSENT REVOKED,CONSENT REVOKED,CONSENT REVOKED,CONSENT REVOKED,CONSENT REVOKED
6218f85f9e21e86ce47a81f0,5f7b2ce6b2c8250797d6b54d,RETURNED,2022-02-25 15:40:15.968000,,244247.121863,25,184,1,100,,,CONSENT REVOKED,CONSENT REVOKED,CONSENT REVOKED,CONSENT REVOKED,CONSENT REVOKED,CONSENT REVOKED,CONSENT REVOKED,CONSENT REVOKED,CONSENT REVOKED
6218f9fccc4adfd72ca74fc8,59ca5f505e015800019778d0,RETURNED,2022-02-25 15:47:33.500000,,243809.613603,47,761,1,100,,,CONSENT REVOKED,CONSENT REVOKED,CONSENT REVOKED,CONSENT REVOKED,CONSENT REVOKED,CONSENT REVOKED,CONSENT REVOKED,CONSENT REVOKED,CONSENT REVOKED
6218faa6ede804342a025e5d,60ecb272881f8d801283984e,RETURNED,2022-02-25 15:59:58.211000,,243064.931563,26,187,0,100,,,CONSENT REVOKED,CONSENT REVOKED,CONSENT REVOKED,CONSENT REVOKED,CONSENT REVOKED,CONSENT REVOKED,CONSENT REVOKED,CONSENT REVOKED,CONSENT REVOKED
6218fad2c10fb9c51c7b9723,60b6c415dbda3236ea22455a,RETURNED,2022-02-25 15:58:59.939000,,243123.2268,31,146,1,100,,,CONSENT REVOKED,CONSENT REVOKED,CONSENT REVOKED,CONSENT REVOKED,CONSENT REVOKED,CONSENT REVOKED,CONSENT REVOKED,CONSENT REVOKED,CONSENT REVOKED
6218fae30fe2b01a12ba26b7,5eff559f6fc177000b4cbfa6,AWAITING REVIEW,2022-02-25 15:50:59.627000,2022-02-25 16:06:05.732000,906.105,29,366,0,100,,4A0A6BF5,Portugal,Portugal,Full-Time,Portuguese,"Portuguese, English, Spanish",Portugal,Male,Yes,Yes
6218fafd292bf4a2db25475d,5cd052fcd6d8dc0013f84e66,AWAITING REVIEW,2022-02-25 15:51:27.887000,2022-02-25 16:10:19.322000,1131.435,24,179,2,100,,4A0A6BF5,Poland,Poland,Full-Time,Polish,"English, German, Polish",Poland,Female,Yes,Yes
6218fc568bd625dd23853a91,60b94f837bfda8b1977feef0,RETURNED,2022-02-25 15:58:17.899000,,243165.334032,75,98,1,100,,,CONSENT REVOKED,CONSENT REVOKED,CONSENT REVOKED,CONSENT REVOKED,CONSENT REVOKED,CONSENT REVOKED,CONSENT REVOKED,CONSENT REVOKED,CONSENT REVOKED
6218feadd8c75b9a8ab6d95b,5d02c0e382e4f00001aa20cd,RETURNED,2022-02-25 16:07:13.930000,,242629.329164,50,736,5,100,,,CONSENT REVOKED,CONSENT REVOKED,CONSENT REVOKED,CONSENT REVOKED,CONSENT REVOKED,CONSENT REVOKED,CONSENT REVOKED,CONSENT REVOKED,CONSENT REVOKED
6218feb2b4896413b934316b,5e74c58e35dbf5012e2cff32,TIMED-OUT,2022-02-25 16:07:19.903000,,242623.379301,26,85,1,100,,,United Kingdom,Italy,Full-Time,Italian,"Italian, English",Italy,Female,Yes,Yes
6218ffef4da0f25f1c972cee,5bdf91dbb32fa800012ea282,TIMED-OUT,2022-02-25 16:12:31.493000,,242311.810872,46,652,1,100,,,Mexico,Mexico,Full-Time,Spanish,"Spanish, English",Mexico,Male,No,Yes
6219007135d97e0bcb2bae1d,5f1f459122764312bfbe265e,TIMED-OUT,2022-02-25 16:14:41.941000,,242181.389095,21,261,3,100,,,Italy,Italy,Other,Italian,"English, Italian, Turkish",Italy,Female,Yes,Yes
62190233e3e93366cdd5012b,60b8b5dcb46db8ae98d0b047,RETURNED,2022-02-25 16:22:11.689000,,241731.665653,24,148,0,100,,,CONSENT REVOKED,CONSENT REVOKED,CONSENT REVOKED,CONSENT REVOKED,CONSENT REVOKED,CONSENT REVOKED,CONSENT REVOKED,CONSENT REVOKED,CONSENT REVOKED
621902866fb6e1f2dfa459f0,5ed377271691ea000c548cb0,RETURNED,2022-02-25 16:23:38.311000,,241645.068575,61,949,2,100,,,CONSENT REVOKED,CONSENT REVOKED,CONSENT REVOKED,CONSENT REVOKED,CONSENT REVOKED,CONSENT REVOKED,CONSENT REVOKED,CONSENT REVOKED,CONSENT REVOKED
6219041b3b2c92116f2b5fff,5e91af0502f2a30008338b53,RETURNED,2022-02-25 16:30:19.150000,,241244.253371,34,348,1,100,,,CONSENT REVOKED,CONSENT REVOKED,CONSENT REVOKED,CONSENT REVOKED,CONSENT REVOKED,CONSENT REVOKED,CONSENT REVOKED,CONSENT REVOKED,CONSENT REVOKED
621904ff0abb708b8ef0b5dc,5d400346e96dd0001dfe40e2,RETURNED,2022-02-25 16:34:20.799000,,241002.627989,40,598,2,100,,,CONSENT REVOKED,CONSENT REVOKED,CONSENT REVOKED,CONSENT REVOKED,CONSENT REVOKED,CONSENT REVOKED,CONSENT REVOKED,CONSENT REVOKED,CONSENT REVOKED
62190635b6a370fcd134404a,606b84e11527ce2103add0a5,RETURNED,2022-02-25 16:39:17.248000,,240706.199967,38,119,0,100,,,CONSENT REVOKED,CONSENT REVOKED,CONSENT REVOKED,CONSENT REVOKED,CONSENT REVOKED,CONSENT REVOKED,CONSENT REVOKED,CONSENT REVOKED,CONSENT REVOKED
621907a0b36be8a0df268bf6,5c8bafb53b6f3d00013d7c30,AWAITING REVIEW,2022-02-25 16:47:28.416000,2022-02-25 17:22:37.290000,2108.874,32,652,1,100,,4A0A6BF5,Hungary,Hungary,Full-Time,Hungarian,"English, Hungarian",Hungary,Male,No,Yes
62190a2142faf1a46a5b6750,608aa18a3c2dfd212a1a77a9,RETURNED,2022-02-25 16:59:32.401000,,239491.08915,22,136,1,100,,,CONSENT REVOKED,CONSENT REVOKED,CONSENT REVOKED,CONSENT REVOKED,CONSENT REVOKED,CONSENT REVOKED,CONSENT REVOKED,CONSENT REVOKED,CONSENT REVOKED
62190b2648218baa4725e713,5dde680c40460edc4a5dc1a2,AWAITING REVIEW,2022-02-25 17:00:33.454000,2022-02-25 17:27:55.467000,1642.013,39,573,1,100,,NOCODE,Czech Republic,Czech Republic,Full-Time,Czech,"Czech, English, French, German, Russian, Slovak",Czech Republic,Female,Yes,Yes
621911e9dc0bffea9c481afb,5baf6705848bbd0001d6fc8a,RETURNED,2022-02-25 17:37:19.598000,,237223.940873,27,773,1,100,,,CONSENT REVOKED,CONSENT REVOKED,CONSENT REVOKED,CONSENT REVOKED,CONSENT REVOKED,CONSENT REVOKED,CONSENT REVOKED,CONSENT REVOKED,CONSENT REVOKED
621912f2a6bab37803964a7d,5ff040139cc6b3ee87f4af58,RETURNED,2022-02-25 17:33:45.530000,,237438.035205,26,170,1,100,,,CONSENT REVOKED,CONSENT REVOKED,CONSENT REVOKED,CONSENT REVOKED,CONSENT REVOKED,CONSENT REVOKED,CONSENT REVOKED,CONSENT REVOKED,CONSENT REVOKED
62191417fd741e31bd7cb960,5964a054b9153e000161710d,RETURNED,2022-02-25 17:38:36.921000,,237146.668329,46,1561,9,100,,,CONSENT REVOKED,CONSENT REVOKED,CONSENT REVOKED,CONSENT REVOKED,CONSENT REVOKED,CONSENT REVOKED,CONSENT REVOKED,CONSENT REVOKED,CONSENT REVOKED
621914825d9b8c747ad1d101,5f0321d5ab8aa14b1e6e6e35,RETURNED,2022-02-25 17:40:18.089000,,237045.527803,32,246,0,100,,,CONSENT REVOKED,CONSENT REVOKED,CONSENT REVOKED,CONSENT REVOKED,CONSENT REVOKED,CONSENT REVOKED,CONSENT REVOKED,CONSENT REVOKED,CONSENT REVOKED
621914826af34dd1fc61a067,5c0873675b32d500012e3f2c,RETURNED,2022-02-25 17:40:18.790000,,237044.847799,59,1185,1,100,,,CONSENT REVOKED,CONSENT REVOKED,CONSENT REVOKED,CONSENT REVOKED,CONSENT REVOKED,CONSENT REVOKED,CONSENT REVOKED,CONSENT REVOKED,CONSENT REVOKED
62191488df0cf2edfb6a9601,601fe0de101ae05414812f4d,RETURNED,2022-02-25 17:40:38.035000,,237025.626727,26,269,0,100,,,CONSENT REVOKED,CONSENT REVOKED,CONSENT REVOKED,CONSENT REVOKED,CONSENT REVOKED,CONSENT REVOKED,CONSENT REVOKED,CONSENT REVOKED,CONSENT REVOKED
621914d7197b02b0042967be,5f70f2daea9a9f7076484982,RETURNED,2022-02-25 17:41:53.181000,,236950.504476,37,312,2,100,,,CONSENT REVOKED,CONSENT REVOKED,CONSENT REVOKED,CONSENT REVOKED,CONSENT REVOKED,CONSENT REVOKED,CONSENT REVOKED,CONSENT REVOKED,CONSENT REVOKED
6219152b6ca03f6393e06f03,5bb511c6689fc5000149c703,AWAITING REVIEW,2022-02-25 17:48:23.525000,2022-02-25 18:10:44.484000,1340.959,45,478,1,100,,NOCODE,Mexico,Mexico,DATA EXPIRED,Spanish,"English, Spanish",Mexico,Female,DATA EXPIRED,Yes
6219155b56d2066dbf2e46a2,5be1fe1eca095c0001ba077a,RETURNED,2022-02-25 17:44:00.275000,,236823.451555,51,146,1,100,,,CONSENT REVOKED,CONSENT REVOKED,CONSENT REVOKED,CONSENT REVOKED,CONSENT REVOKED,CONSENT REVOKED,CONSENT REVOKED,CONSENT REVOKED,CONSENT REVOKED
621915a88e1f7b131f6b4fe0,60d60ba4fd799e149121b85b,RETURNED,2022-02-25 17:45:15.541000,,236748.208758,34,439,0,100,,,CONSENT REVOKED,CONSENT REVOKED,CONSENT REVOKED,CONSENT REVOKED,CONSENT REVOKED,CONSENT REVOKED,CONSENT REVOKED,CONSENT REVOKED,CONSENT REVOKED
621915ab94a0be2de11b76f3,5fdfd04b9bf07d83b2e5f780,RETURNED,2022-02-25 17:49:30.182000,,236493.589501,26,217,1,100,,,CONSENT REVOKED,CONSENT REVOKED,CONSENT REVOKED,CONSENT REVOKED,CONSENT REVOKED,CONSENT REVOKED,CONSENT REVOKED,CONSENT REVOKED,CONSENT REVOKED
6219160b1b783c95f92a7f7a,5d8cef3c28e183001a335ab0,AWAITING REVIEW,2022-02-25 17:46:55.152000,2022-02-25 18:14:19.401000,1644.249,32,1457,1,100,,4A0A6BF5,United Kingdom,United Kingdom,Full-Time,English,English,United Kingdom,Female,No,Yes
621916fd2fe8e3469da997b9,59e39cc9c0d35a0001294f20,RETURNED,2022-02-25 17:51:05.372000,,236398.453767,68,1519,7,100,,,CONSENT REVOKED,CONSENT REVOKED,CONSENT REVOKED,CONSENT REVOKED,CONSENT REVOKED,CONSENT REVOKED,CONSENT REVOKED,CONSENT REVOKED,CONSENT REVOKED
621917b0f22702458097540d,60f9bc5e07f83abc9cbc1c54,RETURNED,2022-02-25 17:56:47.960000,,236055.888141,22,57,0,100,,,CONSENT REVOKED,CONSENT REVOKED,CONSENT REVOKED,CONSENT REVOKED,CONSENT REVOKED,CONSENT REVOKED,CONSENT REVOKED,CONSENT REVOKED,CONSENT REVOKED
621917d74106eef7599fb945,5e6473fbc15dbe1f71eea95b,RETURNED,2022-02-25 17:54:38.224000,,236185.649781,41,491,1,100,,,CONSENT REVOKED,CONSENT REVOKED,CONSENT REVOKED,CONSENT REVOKED,CONSENT REVOKED,CONSENT REVOKED,CONSENT REVOKED,CONSENT REVOKED,CONSENT REVOKED
621917fab106dcfcde4f06d2,5f556bd46e6c4c93a5a90c77,RETURNED,2022-02-25 17:55:19.508000,,236144.396615,21,1416,6,100,,,CONSENT REVOKED,CONSENT REVOKED,CONSENT REVOKED,CONSENT REVOKED,CONSENT REVOKED,CONSENT REVOKED,CONSENT REVOKED,CONSENT REVOKED,CONSENT REVOKED
62191870638e90f98d974c14,6093db807d15df55e6990a28,RETURNED,2022-02-25 17:57:14.546000,,236029.384964,36,359,0,100,,,CONSENT REVOKED,CONSENT REVOKED,CONSENT REVOKED,CONSENT REVOKED,CONSENT REVOKED,CONSENT REVOKED,CONSENT REVOKED,CONSENT REVOKED,CONSENT REVOKED
621918a5cbd950ec011e9048,5f8040a15e9c0003ae16dc31,RETURNED,2022-02-25 17:58:03.649000,,235980.30305,23,178,0,100,,,CONSENT REVOKED,CONSENT REVOKED,CONSENT REVOKED,CONSENT REVOKED,CONSENT REVOKED,CONSENT REVOKED,CONSENT REVOKED,CONSENT REVOKED,CONSENT REVOKED
621918c98cec13de0dce127c,5f97e6601f6d0e016087fc91,RETURNED,2022-02-25 17:58:33.983000,,235949.988618,28,396,1,100,,,CONSENT REVOKED,CONSENT REVOKED,CONSENT REVOKED,CONSENT REVOKED,CONSENT REVOKED,CONSENT REVOKED,CONSENT REVOKED,CONSENT REVOKED,CONSENT REVOKED
621918ca9b85ab4ff1ceb92c,60984a1b0cce76d16c4ca781,RETURNED,2022-02-25 17:58:36.469000,,235947.529446,32,95,1,100,,,CONSENT REVOKED,CONSENT REVOKED,CONSENT REVOKED,CONSENT REVOKED,CONSENT REVOKED,CONSENT REVOKED,CONSENT REVOKED,CONSENT REVOKED,CONSENT REVOKED
62191a0dc3ff95a6a0c89b49,5a46d551b77a5000014a8ce9,RETURNED,2022-02-25 18:04:23.209000,,235600.821329,24,464,3,100,,,CONSENT REVOKED,CONSENT REVOKED,CONSENT REVOKED,CONSENT REVOKED,CONSENT REVOKED,CONSENT REVOKED,CONSENT REVOKED,CONSENT REVOKED,CONSENT REVOKED
62191afa19facfaac02dfa80,5e8783b0fde5153fbd9dca43,RETURNED,2022-02-25 18:08:00.617000,,235383.439681,23,315,2,100,,,CONSENT REVOKED,CONSENT REVOKED,CONSENT REVOKED,CONSENT REVOKED,CONSENT REVOKED,CONSENT REVOKED,CONSENT REVOKED,CONSENT REVOKED,CONSENT REVOKED
62191b610678976c08db443c,5eceef5fa487421604c337ba,AWAITING REVIEW,2022-02-25 18:15:03.125000,2022-02-25 19:11:28.615000,3385.49,24,514,1,100,,NOCODE,Greece,Greece,Full-Time,Greek,"English, French, German, Greek, Spanish",Greece,Male,Yes,Yes
62191c8574992a464ae66419,5fce87242cc34e0d521b54aa,TIMED-OUT,2022-02-25 18:21:24.837000,,234579.264845,31,139,0,100,,,Hungary,Hungary,Full-Time,Hungarian,"Hungarian, English",Hungary,Female,Yes,Yes
621923a6cc0a13c8509a445b,56cb8858edf8da000b6df354,RETURNED,2022-02-25 18:45:52.815000,,233111.311053,20,305,0,100,,,CONSENT REVOKED,CONSENT REVOKED,CONSENT REVOKED,CONSENT REVOKED,CONSENT REVOKED,CONSENT REVOKED,CONSENT REVOKED,CONSENT REVOKED,CONSENT REVOKED
621926d481f345ffa0ef4859,5e04595a4fa02aefdb9c9ced,RETURNED,2022-02-25 18:58:29.781000,,232354.374003,27,150,0,100,,,CONSENT REVOKED,CONSENT REVOKED,CONSENT REVOKED,CONSENT REVOKED,CONSENT REVOKED,CONSENT REVOKED,CONSENT REVOKED,CONSENT REVOKED,CONSENT REVOKED
6219274323a01a318e6bd820,5ce472e1c9c3a300019049be,RETURNED,2022-02-25 19:00:41.250000,,232222.932949,26,202,1,100,,,CONSENT REVOKED,CONSENT REVOKED,CONSENT REVOKED,CONSENT REVOKED,CONSENT REVOKED,CONSENT REVOKED,CONSENT REVOKED,CONSENT REVOKED,CONSENT REVOKED
62192d0129a33c62d65766a2,5f466020c3a053038da47399,RETURNED,2022-02-25 19:24:54.194000,,230770.046349,23,31,0,100,,,CONSENT REVOKED,CONSENT REVOKED,CONSENT REVOKED,CONSENT REVOKED,CONSENT REVOKED,CONSENT REVOKED,CONSENT REVOKED,CONSENT REVOKED,CONSENT REVOKED
62192d3e94571ea8bff33fdb,594abd98215cbd000146debc,RETURNED,2022-02-25 19:25:54.113000,,230710.156873,53,1988,4,100,,,CONSENT REVOKED,CONSENT REVOKED,CONSENT REVOKED,CONSENT REVOKED,CONSENT REVOKED,CONSENT REVOKED,CONSENT REVOKED,CONSENT REVOKED,CONSENT REVOKED
62192df19aaa21adb39a2b78,60f6f802c0ede08f7cf69720,RETURNED,2022-02-25 19:28:55.175000,,230529.116006,58,163,1,100,,,CONSENT REVOKED,CONSENT REVOKED,CONSENT REVOKED,CONSENT REVOKED,CONSENT REVOKED,CONSENT REVOKED,CONSENT REVOKED,CONSENT REVOKED,CONSENT REVOKED
62192e7699d21cef48763324,5b8c8e7d0c740e00019d55c3,AWAITING REVIEW,2022-02-25 19:31:03.935000,2022-02-25 19:52:40.132000,1296.197,36,662,1,100,,NOCODE,Mexico,Mexico,Full-Time,Spanish,"English, Spanish",Mexico,Male,Yes,Yes
62192f871e5314be276b5af7,59b85e50d793b40001459a2f,RETURNED,2022-02-25 19:35:35.031000,,230129.322733,38,253,0,100,,,CONSENT REVOKED,CONSENT REVOKED,CONSENT REVOKED,CONSENT REVOKED,CONSENT REVOKED,CONSENT REVOKED,CONSENT REVOKED,CONSENT REVOKED,CONSENT REVOKED
62192fa967592cad97ca6a9c,5f75d01a857e4e27a575f7ca,RETURNED,2022-02-25 19:36:21.893000,,230082.498742,40,509,1,100,,,CONSENT REVOKED,CONSENT REVOKED,CONSENT REVOKED,CONSENT REVOKED,CONSENT REVOKED,CONSENT REVOKED,CONSENT REVOKED,CONSENT REVOKED,CONSENT REVOKED
62192ff4c4ab5530fbb722d1,5e13a93a8640209e59703481,RETURNED,2022-02-25 19:37:51.245000,,229993.172958,29,453,2,100,,,CONSENT REVOKED,CONSENT REVOKED,CONSENT REVOKED,CONSENT REVOKED,CONSENT REVOKED,CONSENT REVOKED,CONSENT REVOKED,CONSENT REVOKED,CONSENT REVOKED
6219343bd15d91ca3002074d,59dd90f6e75b450001a68dac,RETURNED,2022-02-25 20:05:13.608000,,228350.852567,34,997,1,100,,,CONSENT REVOKED,CONSENT REVOKED,CONSENT REVOKED,CONSENT REVOKED,CONSENT REVOKED,CONSENT REVOKED,CONSENT REVOKED,CONSENT REVOKED,CONSENT REVOKED
6219354b847bc51b57e300fe,5eda820057f96267b99b6ef6,RETURNED,2022-02-25 20:00:11.280000,,228653.207751,22,79,1,100,,,CONSENT REVOKED,CONSENT REVOKED,CONSENT REVOKED,CONSENT REVOKED,CONSENT REVOKED,CONSENT REVOKED,CONSENT REVOKED,CONSENT REVOKED,CONSENT REVOKED
6219357e791645aa70f2fe33,5c59479c2cda3d0001cead5d,RETURNED,2022-02-25 20:01:20.835000,,228583.678055,34,311,1,100,,,CONSENT REVOKED,CONSENT REVOKED,CONSENT REVOKED,CONSENT REVOKED,CONSENT REVOKED,CONSENT REVOKED,CONSENT REVOKED,CONSENT REVOKED,CONSENT REVOKED
621935b469f0d5560b1b69a2,5c5cad3e4ee81200018eafe2,RETURNED,2022-02-25 20:01:56.697000,,228547.838242,70,1684,0,100,,,CONSENT REVOKED,CONSENT REVOKED,CONSENT REVOKED,CONSENT REVOKED,CONSENT REVOKED,CONSENT REVOKED,CONSENT REVOKED,CONSENT REVOKED,CONSENT REVOKED
621936908071dce2bfdb323c,60a9909e741b7a30eeb070b9,RETURNED,2022-02-25 20:05:42.917000,,228321.643651,20,36,0,100,,,CONSENT REVOKED,CONSENT REVOKED,CONSENT REVOKED,CONSENT REVOKED,CONSENT REVOKED,CONSENT REVOKED,CONSENT REVOKED,CONSENT REVOKED,CONSENT REVOKED
621937118973d6ebbb400b77,5ed94a20b6a168108a272d9e,RETURNED,2022-02-25 20:07:57.038000,,228187.545273,30,331,1,100,,,CONSENT REVOKED,CONSENT REVOKED,CONSENT REVOKED,CONSENT REVOKED,CONSENT REVOKED,CONSENT REVOKED,CONSENT REVOKED,CONSENT REVOKED,CONSENT REVOKED
621937da83512642cdf52ea3,6034faf84f3fe87047c6d857,RETURNED,2022-02-25 20:11:07.778000,,227996.830745,35,199,1,100,,,CONSENT REVOKED,CONSENT REVOKED,CONSENT REVOKED,CONSENT REVOKED,CONSENT REVOKED,CONSENT REVOKED,CONSENT REVOKED,CONSENT REVOKED,CONSENT REVOKED
621938dbff2fb15b5e43a02c,5f0cc31363e0816c1b0db7e1,RETURNED,2022-02-25 20:15:33.067000,,227731.565275,42,141,2,100,,,CONSENT REVOKED,CONSENT REVOKED,CONSENT REVOKED,CONSENT REVOKED,CONSENT REVOKED,CONSENT REVOKED,CONSENT REVOKED,CONSENT REVOKED,CONSENT REVOKED
6219465780a5acd1fb7764b4,5e3d679eaa341501c1a5a90b,RETURNED,2022-02-25 21:12:58.987000,,224285.669405,65,1562,6,100,,,CONSENT REVOKED,CONSENT REVOKED,CONSENT REVOKED,CONSENT REVOKED,CONSENT REVOKED,CONSENT REVOKED,CONSENT REVOKED,CONSENT REVOKED,CONSENT REVOKED
6219468ac141f7675e6db028,5daae19f8a06b60016d1bc32,RETURNED,2022-02-25 21:13:46.769000,,224237.906159,32,340,0,100,,,CONSENT REVOKED,CONSENT REVOKED,CONSENT REVOKED,CONSENT REVOKED,CONSENT REVOKED,CONSENT REVOKED,CONSENT REVOKED,CONSENT REVOKED,CONSENT REVOKED
62194b22903bbd382fa2133f,608c349d8e7f57e8f84d3a27,RETURNED,2022-02-25 21:33:22.399000,,223062.2986,26,148,1,100,,,CONSENT REVOKED,CONSENT REVOKED,CONSENT REVOKED,CONSENT REVOKED,CONSENT REVOKED,CONSENT REVOKED,CONSENT REVOKED,CONSENT REVOKED,CONSENT REVOKED
62194d4b4e2a0d90d6b34b56,5ca7b68facdc6c00165e4985,RETURNED,2022-02-25 21:42:35.022000,,222509.700279,43,405,1,100,,,CONSENT REVOKED,CONSENT REVOKED,CONSENT REVOKED,CONSENT REVOKED,CONSENT REVOKED,CONSENT REVOKED,CONSENT REVOKED,CONSENT REVOKED,CONSENT REVOKED
62194df6f0ef5ddcfe98a050,60aad516e34718d318bfb44d,RETURNED,2022-02-25 21:46:34.029000,2022-02-25 21:58:00.476000,686.447,27,142,0,100,,No code,CONSENT REVOKED,CONSENT REVOKED,CONSENT REVOKED,CONSENT REVOKED,CONSENT REVOKED,CONSENT REVOKED,CONSENT REVOKED,CONSENT REVOKED,CONSENT REVOKED
62194e89288c533ac5348344,5ecb6acd10d2c36e6124c9bd,RETURNED,2022-02-25 21:48:01.152000,,222183.617542,36,226,2,99,,,CONSENT REVOKED,CONSENT REVOKED,CONSENT REVOKED,CONSENT REVOKED,CONSENT REVOKED,CONSENT REVOKED,CONSENT REVOKED,CONSENT REVOKED,CONSENT REVOKED
62194fa353331c6ba7eecd57,6090578fb2299eacaec32b7a,RETURNED,2022-02-25 21:52:35.255000,,221909.536798,27,690,0,100,,,CONSENT REVOKED,CONSENT REVOKED,CONSENT REVOKED,CONSENT REVOKED,CONSENT REVOKED,CONSENT REVOKED,CONSENT REVOKED,CONSENT REVOKED,CONSENT REVOKED
62194fb143003e738c2bb4df,5c7427d637793100010f8bff,RETURNED,2022-02-25 21:52:53.592000,,221891.216411,25,649,0,100,,,CONSENT REVOKED,CONSENT REVOKED,CONSENT REVOKED,CONSENT REVOKED,CONSENT REVOKED,CONSENT REVOKED,CONSENT REVOKED,CONSENT REVOKED,CONSENT REVOKED
62195028e916f6384a1d41b3,6012ed349807110d8eb941a6,RETURNED,2022-02-25 21:55:14.308000,,221750.517861,36,320,0,100,,,CONSENT REVOKED,CONSENT REVOKED,CONSENT REVOKED,CONSENT REVOKED,CONSENT REVOKED,CONSENT REVOKED,CONSENT REVOKED,CONSENT REVOKED,CONSENT REVOKED
62195093cb6c5d5acfc6dea9,5d341b57a48ae7000114152a,RETURNED,2022-02-25 21:56:43.983000,,221660.863394,29,662,0,100,,,CONSENT REVOKED,CONSENT REVOKED,CONSENT REVOKED,CONSENT REVOKED,CONSENT REVOKED,CONSENT REVOKED,CONSENT REVOKED,CONSENT REVOKED,CONSENT REVOKED
621950e36dd7499e5147305f,5fadd713eb62cd1f58f49a6d,RETURNED,2022-02-25 22:03:35.250000,,221249.618991,34,107,1,100,,,CONSENT REVOKED,CONSENT REVOKED,CONSENT REVOKED,CONSENT REVOKED,CONSENT REVOKED,CONSENT REVOKED,CONSENT REVOKED,CONSENT REVOKED,CONSENT REVOKED
6219519452e38819cc9a8d02,60392f725862f13f0fe248fd,RETURNED,2022-02-25 22:00:52.087000,,221412.806496,21,263,0,100,,,CONSENT REVOKED,CONSENT REVOKED,CONSENT REVOKED,CONSENT REVOKED,CONSENT REVOKED,CONSENT REVOKED,CONSENT REVOKED,CONSENT REVOKED,CONSENT REVOKED
621951dd2091bcc193aae089,5e8783c0890e930b54f7d348,RETURNED,2022-02-25 22:02:17.111000,,221327.808473,21,362,4,100,,,CONSENT REVOKED,CONSENT REVOKED,CONSENT REVOKED,CONSENT REVOKED,CONSENT REVOKED,CONSENT REVOKED,CONSENT REVOKED,CONSENT REVOKED,CONSENT REVOKED
62195265730ae576fc3cc9e8,60dbd9e4f38631ec3581c746,RETURNED,2022-02-25 22:04:32.993000,,221191.955548,49,148,2,100,,,CONSENT REVOKED,CONSENT REVOKED,CONSENT REVOKED,CONSENT REVOKED,CONSENT REVOKED,CONSENT REVOKED,CONSENT REVOKED,CONSENT REVOKED,CONSENT REVOKED
621952d909c7a165d1cf720f,607458a3355910967d2a8b74,RETURNED,2022-02-25 22:06:20.002000,,221084.973181,22,150,0,100,,,CONSENT REVOKED,CONSENT REVOKED,CONSENT REVOKED,CONSENT REVOKED,CONSENT REVOKED,CONSENT REVOKED,CONSENT REVOKED,CONSENT REVOKED,CONSENT REVOKED
621958d119763a2bfce0839f,603cc55c86df9daae41b9efc,RETURNED,2022-02-25 22:31:49.781000,,219555.215736,22,67,0,100,,,CONSENT REVOKED,CONSENT REVOKED,CONSENT REVOKED,CONSENT REVOKED,CONSENT REVOKED,CONSENT REVOKED,CONSENT REVOKED,CONSENT REVOKED,CONSENT REVOKED
6219595c4bac5b6284b7a507,60ea1800e3a449533694bc96,TIMED-OUT,2022-02-25 22:34:08.171000,,219416.849759,27,75,1,100,,,South Africa,South Africa,Unemployed (and job seeking),DATA EXPIRED,English,South Africa,Female,Yes,Yes
62195c277212fbb47af63dd7,5e3842b92fdfd2000fc286a4,RETURNED,2022-02-25 22:46:18.359000,,218686.685164,32,620,1,100,,,CONSENT REVOKED,CONSENT REVOKED,CONSENT REVOKED,CONSENT REVOKED,CONSENT REVOKED,CONSENT REVOKED,CONSENT REVOKED,CONSENT REVOKED,CONSENT REVOKED
62195d2db04f6508420a7ef2,5eaadc0a7adeb404eea9c3c0,RETURNED,2022-02-25 22:50:21.573000,,218443.499938,28,713,3,100,,,CONSENT REVOKED,CONSENT REVOKED,CONSENT REVOKED,CONSENT REVOKED,CONSENT REVOKED,CONSENT REVOKED,CONSENT REVOKED,CONSENT REVOKED,CONSENT REVOKED
6219692ef9270db15dd4988a,60656a924c99543d12555b86,RETURNED,2022-02-25 23:47:12.057000,,215033.046406,29,126,1,100,,,CONSENT REVOKED,CONSENT REVOKED,CONSENT REVOKED,CONSENT REVOKED,CONSENT REVOKED,CONSENT REVOKED,CONSENT REVOKED,CONSENT REVOKED,CONSENT REVOKED
62196ace556b4a6d996ffe44,5cdeaeb3557fbd00018a2c59,RETURNED,2022-02-25 23:48:50.296000,,214934.833621,25,464,0,100,,,CONSENT REVOKED,CONSENT REVOKED,CONSENT REVOKED,CONSENT REVOKED,CONSENT REVOKED,CONSENT REVOKED,CONSENT REVOKED,CONSENT REVOKED,CONSENT REVOKED
62196b0e7e6e601cf6937fc1,60dceeaa19d94b7d2651c389,RETURNED,2022-02-25 23:50:10.061000,,214855.093713,34,317,0,100,,,CONSENT REVOKED,CONSENT REVOKED,CONSENT REVOKED,CONSENT REVOKED,CONSENT REVOKED,CONSENT REVOKED,CONSENT REVOKED,CONSENT REVOKED,CONSENT REVOKED
62196b673a6513f21f564177,5edc753bcee6c1953c31dacd,RETURNED,2022-02-25 23:51:03.123000,,214802.056704,23,254,0,100,,,CONSENT REVOKED,CONSENT REVOKED,CONSENT REVOKED,CONSENT REVOKED,CONSENT REVOKED,CONSENT REVOKED,CONSENT REVOKED,CONSENT REVOKED,CONSENT REVOKED
62196fda02eb83ce75890128,5ed54d02957bee0c0de36cac,RETURNED,2022-02-26 00:11:19.421000,,213585.78662,20,242,1,100,,,CONSENT REVOKED,CONSENT REVOKED,CONSENT REVOKED,CONSENT REVOKED,CONSENT REVOKED,CONSENT REVOKED,CONSENT REVOKED,CONSENT REVOKED,CONSENT REVOKED
621970ca0c3788e5728e8d8f,60e6759510050273bf3cd503,RETURNED,2022-02-26 00:14:02.068000,,213423.16559,19,211,1,100,,,CONSENT REVOKED,CONSENT REVOKED,CONSENT REVOKED,CONSENT REVOKED,CONSENT REVOKED,CONSENT REVOKED,CONSENT REVOKED,CONSENT REVOKED,CONSENT REVOKED
621971069779441f95fca160,597fe89a1b41a20001749f57,RETURNED,2022-02-26 00:15:04.326000,,213360.931109,43,2846,3,100,,,CONSENT REVOKED,CONSENT REVOKED,CONSENT REVOKED,CONSENT REVOKED,CONSENT REVOKED,CONSENT REVOKED,CONSENT REVOKED,CONSENT REVOKED,CONSENT REVOKED
6219716091b8897caa4da6af,5abb8dcb7ccedb0001b7f0d7,RETURNED,2022-02-26 00:16:32.959000,,213272.322433,65,1160,3,100,,,CONSENT REVOKED,CONSENT REVOKED,CONSENT REVOKED,CONSENT REVOKED,CONSENT REVOKED,CONSENT REVOKED,CONSENT REVOKED,CONSENT REVOKED,CONSENT REVOKED
621971f84865f31b2cca3b7d,60e585a447f839d63d11d4db,RETURNED,2022-02-26 00:19:06.801000,,213118.506964,43,64,0,100,,,CONSENT REVOKED,CONSENT REVOKED,CONSENT REVOKED,CONSENT REVOKED,CONSENT REVOKED,CONSENT REVOKED,CONSENT REVOKED,CONSENT REVOKED,CONSENT REVOKED
6219727dd7b105b512a568d3,5c5b71a4d365e400015096f9,TIMED-OUT,2022-02-26 00:21:36.132000,,212969.203747,36,257,0,100,,,United Kingdom,United Kingdom,Full-Time,English,English,United Kingdom,Female,No,Yes
6219750beae343d5936d2786,58584aa98604ae000165e633,AWAITING REVIEW,2022-02-26 00:32:15.233000,2022-02-26 00:32:49.764000,34.531,51,1020,3,100,,NOCODE,United Kingdom,United Kingdom,Part-Time,English,English,United Kingdom,Female,No,Yes
621989a85a345cc5431ac42f,5ed6b2dd7478e0122030e7ff,RETURNED,2022-02-26 02:00:23.944000,,207041.440603,28,632,0,100,,,CONSENT REVOKED,CONSENT REVOKED,CONSENT REVOKED,CONSENT REVOKED,CONSENT REVOKED,CONSENT REVOKED,CONSENT REVOKED,CONSENT REVOKED,CONSENT REVOKED
621989dd9631b4e04a5d0388,5ce0fbdd8c6f070001bd44b8,RETURNED,2022-02-26 02:01:42.081000,,206963.326252,31,580,2,100,,,CONSENT REVOKED,CONSENT REVOKED,CONSENT REVOKED,CONSENT REVOKED,CONSENT REVOKED,CONSENT REVOKED,CONSENT REVOKED,CONSENT REVOKED,CONSENT REVOKED
621991e0d6cc88802075de83,5f36cce4f707260f387cf43c,RETURNED,2022-02-26 02:35:15.955000,,204949.474097,30,219,2,100,,,CONSENT REVOKED,CONSENT REVOKED,CONSENT REVOKED,CONSENT REVOKED,CONSENT REVOKED,CONSENT REVOKED,CONSENT REVOKED,CONSENT REVOKED,CONSENT REVOKED
62199209767547463d2a305e,5d5497857aff650001a18c3c,RETURNED,2022-02-26 02:36:11.903000,,204893.551409,52,1506,6,100,,,CONSENT REVOKED,CONSENT REVOKED,CONSENT REVOKED,CONSENT REVOKED,CONSENT REVOKED,CONSENT REVOKED,CONSENT REVOKED,CONSENT REVOKED,CONSENT REVOKED
6219925da37fb83b00fabc16,608650526b3b575d51285e52,RETURNED,2022-02-26 02:37:30.561000,,204814.91925,23,144,0,100,,,CONSENT REVOKED,CONSENT REVOKED,CONSENT REVOKED,CONSENT REVOKED,CONSENT REVOKED,CONSENT REVOKED,CONSENT REVOKED,CONSENT REVOKED,CONSENT REVOKED
621992aa4fe2ea9bbc4f0a94,60b9585537f22407ad740a00,TIMED-OUT,2022-02-26 02:38:34.861000,,204750.640241,36,115,0,100,,,Ireland,Ireland,Full-Time,English,English,Ireland,Female,No,Yes
6219a95827e0e8cb9d71c447,5e0f649eabec5d678a6f11bb,RETURNED,2022-02-26 04:15:20.939000,,198944.591046,35,112,1,100,,,CONSENT REVOKED,CONSENT REVOKED,CONSENT REVOKED,CONSENT REVOKED,CONSENT REVOKED,CONSENT REVOKED,CONSENT REVOKED,CONSENT REVOKED,CONSENT REVOKED
6219ab45f743599c7312b5fa,60d8c6bc9686529cdc824a49,RETURNED,2022-02-26 04:23:33.622000,,198451.933308,35,596,1,100,,,CONSENT REVOKED,CONSENT REVOKED,CONSENT REVOKED,CONSENT REVOKED,CONSENT REVOKED,CONSENT REVOKED,CONSENT REVOKED,CONSENT REVOKED,CONSENT REVOKED
6219baeaec92f84382334003,57313ba2070de6000f43384e,RETURNED,2022-02-26 05:30:20.708000,,194444.875181,38,372,3,100,,,CONSENT REVOKED,CONSENT REVOKED,CONSENT REVOKED,CONSENT REVOKED,CONSENT REVOKED,CONSENT REVOKED,CONSENT REVOKED,CONSENT REVOKED,CONSENT REVOKED
6219bb0b16cbd91227c4d44e,5f5b0f1be585c32184a4cf35,AWAITING REVIEW,2022-02-26 05:30:56.425000,2022-02-26 05:44:41.702000,825.277,28,1386,8,100,,NOCODE,United States,United States,Full-Time,English,"Polish, English",United States,Female,No,Yes
